index,ground_truth,ocr_result,errors,accuracy,infer_time_sec
1,정보 시스템에 대한 ‘접근’이란,정보  시스템에   대한 접근' 이란,1,92.86,0.4629
2,시스템 자원을 사용하기 위해,시스템 자원올 사용하기  위해,1,91.67,0.2273
3,시스템과 상호 작용하는 작업을,시스템과 상호 작용하는 작업올,1,92.31,0.2139
4,의미한다. 이때 정보의 ‘객체’는,의미한다. 이때   정보의 '객체' 눈,1,93.33,0.2202
5,접근의 대상이 되는 시스템 또는,접근의 대상이 되는 시스템 또는,0,100.0,0.2439
6,"시스템 자원을, 정보의 ‘주체’는",시스템  자원올 정보의 '주체' 눈,3,80.0,0.206
7,접근을 통해 특정 목적을 달성하고자,접근올 통해  특정  목적올 달성하고자,2,86.67,0.2136
8,하는 사람 또는 프로그램 등을,하는 사람 또는 프로그램 등올,1,91.67,0.1829
9,의미한다. ‘접근제어’는 적절한,의미한다. '접근제어' 눈 적절한,1,93.33,0.2021
10,권한을 가진 정보 주체만이 정보,권한올 가진  정보 주체만이 정보,1,92.31,0.1741
11,객체에 접근할 수 있도록 통제하는,객체에   접근할 수 잇도록 통제하는,1,92.86,0.2151
12,기술이다. 접근제어에서는 보안등급에,기술이다. 접근제어에서논 보안등급에,1,94.12,0.2317
13,"따라 접근 권한이 관리되는데, 이때","따라  접근 권한이 관리되논데 , 이때",1,93.33,0.2042
14,‘보안등급’은 정보 주체와 객체에,보안등급' 은 정보 주체와   객체에,1,93.33,0.1791
15,부여된 중요도 또는 신뢰도를 나타낸다.,부여된 중요도 또는 신회도록 나타넘다.,3,82.35,0.2753
16,인터넷 카페에서 등급에 따라 읽기,인터넷 카페에서 등급에 따라 위기,1,92.86,0.2004
17,또는 쓰기 권한을 주는 것은 이러한,또는 쓰기 권한을 주는 것은 이러한,0,100.0,0.184
18,예에 해당한다. 접근제어에서 관리하는,예에   해당한다. 접근제어에서   관리하는,0,100.0,0.2451
19,"권한은 접근제어행렬, 접근제어목록",권한은 접근제어행렬   접근제어목록,1,93.75,0.2008
20,등으로 표현될 수 있다.,등으로 표현되 수 있다:,2,80.0,0.164
21,‘접근제어행렬’은 정보 주체를,'접근제어행렬' 은 정보 주체름,1,92.86,0.1791
22,"행으로, 정보 객체를 열로 구성한",행으로 정보   객체릇 열로 구성한,2,85.71,0.1941
23,"테이블로서, 객체에 대한 주체의","테이블로서, 객체에  대한 주체의",0,100.0,0.2055
24,접근 권한은 해당 주체의 행과,접근 권한은 해당  주체의 행과,0,100.0,0.2357
25,해당 객체의 열이 만나는 셀에,해당   객체의 열이 만나는 실에,1,91.67,0.192
26,기록된다. ‘접근제어목록’은 특정,기록되다. 접근제어목록 은 특정,3,81.25,0.202
27,객체에 대한 접근 권한을 갖는,객체에   대한  접근 권한올 갖는,1,91.67,0.1698
28,주체가 나열된 목록이다.,주체가 나열쌍 목록이다,2,81.82,0.1399
29,"접근제어에는 임의적 접근제어,","접근제어에는  임의적  접근제어,",0,100.0,0.2006
